User_Id,Name,Email,Password
1,Siya Nair,siya@gmail.com,p252h
2,Sneha Raj,Sneha@gmail.com,hxn9b
3,Aryan Khana,Aryan@gmail.com,9hu7j
4,Naveen Mittal,Naveen@gmail.com,lkko3
5,Shresha Shetty,Shresha@gmail.com,3i7qm
6,Neil Angad,Neil@gmail.com,46rdw2
7,Aarav Sharma,aarav.sharma@gmail.com,a2c9h
8,Sanaya Patel,sanaya.patel@gmail.com,a1b2c
9,Krish Verma,krish.verma@gmail.com,s3p4m
10,Ishita Singh,ishita.singh@gmail.com,k7v8r
11,Ved Malhotra,ved.malhotra@gmail.com,i9s0t
12,Aanya Khan,aanya.khan@gmail.com,v5d6m
13,Advik Reddy,advik.reddy@gmail.com,a2y1k
14,Saanvi Kapoor,saanvi.kapoor@gmail.com,a3r5v
15,Arnav Joshi,arnav.joshi@gmail.com,s6n7k
16,Zara Iyer,zara.iyer@gmail.com,a8j2n
17,Vihaan Chatterjee,vihaan.chatterjee@gmail.com,z1r2i
18,Aadhya Das,aadhya.das@gmail.com,v4c5j
19,Shaurya Bhatia,shaurya.bhatia@gmail.com,a5d1h
20,Ananya Menon,ananya.menon@gmail.com,s2b9c
21,Vivaan Rao,vivaan.rao@gmail.com,a4m8n
22,Kyra Kumar,kyra.kumar@gmail.com,v7r4o
23,Arush Gupta,arush.gupta@gmail.com,k8y1r
24,Myra Shah,myra.shah@gmail.com,a3g4u
25,Pranav Nair,pranav.nair@gmail.com,m5y2r
26,Kiara Desai,kiara.desai@gmail.com,p6n7v
27,Aryan Mehra,aryan.mehra@gmail.com,k1d0r
28,Avni Choudhary,avni.choudhary@gmail.com,a4m6h
29,Veer Patel,veer.patel@gmail.com,a2c8v
30,Siya Srinivasan,siya.srinivasan@gmail.com,v9p4t
31,Atharv Singh,atharv.singh@gmail.com,s7i8n
32,Navya Agarwal,navya.agarwal@gmail.com,a5s3v
33,Vihaan Khanna,vihaan.khanna@gmail.com,n1w2a
34,Aarohi Sharma,aarohi.sharma@gmail.com,v6k7n
35,Arjun Chopra,arjun.chopra@gmail.com,a4r6s
36,Aaradhya Kumar,aaradhya.kumar@gmail.com,a8c2r
37,Avani Rathore,avani.rathore@gmail.com,a9r7k
38,Aayan Roy,aayan.roy@gmail.com,a0v9r
39,Anika Goyal,anika.goyal@gmail.com,a1y7r
40,Dhruv Kapoor,dhruv.kapoor@gmail.com,a2g3l
41,Ira Malik,ira.malik@gmail.com,d4k7p
42,Vivan Dutta,vivan.dutta@gmail.com,i8a2k
43,Riya Sethi,riya.sethi@gmail.com,v1d6t
44,Aarushi Rana,aarushi.rana@gmail.com,r3s9a
45,Krish Shah,krish.shah@gmail.com,a2r4n
46,Meher Khatri,meher.khatri@gmail.com,k0r2h
47,Aanya Kapoor,aanya.kapoor@gmail.com,m8k1h
48,Veer Malhotra,veer.malhotra@gmail.com,a2k3p
49,Myra Sharma,myra.sharma@gmail.com,v6m2h
50,Arnav Chawla,arnav.chawla@gmail.com,m7y5a
51,Siya Agarwal,siya.agarwal@gmail.com,a3c1w
52,Aryan Shukla,aryan.shukla@gmail.com,s8a7w
53,Zara Dhawan,zara.dhawan@gmail.com,a9s8k
54,Advik Patel,advik.patel@gmail.com,z1d9n
55,Saisha Narang,saisha.narang@gmail.com,a2p8v
56,Vivaan Mehra,vivaan.mehra@gmail.com,s3n5r
57,Vihaan Varma,vihaan.varma@gmail.com,v0m9r
58,Kyra Bhandari,kyra.bhandari@gmail.com,v1h4n
59,Aadhav Suri,aadhav.suri@gmail.com,k2b5h
60,Anvi Verma,anvi.verma@gmail.com,a7d4v
,,,
,,,
,,,
,,,
,,,
,,,
,,,
,,,
,,,
